user_id,min_price,max_price
1666,5000000,8000000
1667,1000000,24000000
1668,4000000,25000000
1669,1000000,41000000
1670,4000000,48000000
1671,2000000,36000000
1672,3000000,41000000
1673,1000000,46000000
1674,3000000,44000000
1675,4000000,30000000
1676,2000000,25000000
1677,4000000,36000000
1678,2000000,8000000
1679,1000000,9000000
1680,2000000,45000000
1681,3000000,47000000
1682,5000000,13000000
1683,5000000,37000000
1684,1000000,25000000
1685,5000000,36000000
1686,3000000,41000000
1687,3000000,12000000
1688,1000000,31000000
1689,3000000,9000000
1690,2000000,25000000
1691,5000000,48000000
1692,1000000,14000000
1693,3000000,38000000
1694,3000000,40000000
1695,2000000,33000000
1696,2000000,17000000
1697,2000000,46000000
1698,3000000,16000000
1699,5000000,19000000
1700,5000000,24000000
1701,2000000,8000000
1702,1000000,33000000
1703,2000000,18000000
1704,1000000,16000000
1705,3000000,20000000
1706,5000000,28000000
1707,5000000,40000000
1708,1000000,22000000
1709,5000000,25000000
1710,3000000,35000000
1711,2000000,42000000
1712,3000000,18000000
1713,1000000,39000000
1714,1000000,27000000
1715,4000000,33000000
1716,3000000,20000000
1717,1000000,36000000
1718,4000000,49000000
1719,5000000,8000000
1720,5000000,27000000
1721,5000000,11000000
1722,1000000,23000000
1723,5000000,46000000
1724,2000000,23000000
1725,3000000,18000000
1726,4000000,9000000
1727,3000000,32000000
1728,3000000,28000000
1729,2000000,15000000
1730,4000000,42000000
1731,5000000,22000000
1732,5000000,37000000
1733,3000000,24000000
1734,1000000,9000000
1735,2000000,43000000
1736,4000000,35000000
1737,3000000,41000000
1738,2000000,21000000
1739,3000000,32000000
1740,3000000,43000000
1741,4000000,46000000
1742,4000000,33000000
1743,4000000,31000000
1744,5000000,22000000
1745,1000000,8000000
1746,5000000,16000000
1747,2000000,13000000
1748,2000000,38000000
1749,2000000,15000000
1750,1000000,16000000
1751,5000000,30000000
1752,2000000,43000000
1753,5000000,25000000
1754,1000000,42000000
1755,3000000,23000000
1756,3000000,26000000
1757,4000000,47000000
1758,1000000,34000000
1759,2000000,26000000
1760,4000000,41000000
1761,4000000,16000000
1762,5000000,25000000
1763,1000000,14000000
1764,2000000,19000000
1765,4000000,22000000
1766,3000000,7000000
1767,3000000,9000000
1768,5000000,27000000
1769,4000000,16000000
1770,1000000,42000000
1771,3000000,27000000
1772,4000000,28000000
1773,4000000,50000000
1774,5000000,8000000
1775,2000000,29000000
1776,3000000,40000000
1777,2000000,36000000
1778,3000000,8000000
1779,5000000,47000000
1780,3000000,33000000
1781,4000000,47000000
1782,5000000,20000000
1783,5000000,30000000
1784,2000000,31000000
1785,1000000,15000000
1786,5000000,22000000
1787,2000000,10000000
1788,5000000,20000000
1789,5000000,8000000
1790,4000000,42000000
1791,5000000,14000000
1792,3000000,19000000
1793,2000000,48000000
1794,5000000,49000000
1795,3000000,15000000
1796,2000000,31000000
1797,2000000,42000000
1798,2000000,16000000
1799,3000000,24000000
1800,2000000,44000000
1801,2000000,16000000
1802,5000000,11000000
1803,3000000,46000000
1804,4000000,41000000
1805,5000000,13000000
1806,4000000,14000000
1807,4000000,18000000
1808,5000000,20000000
1809,5000000,47000000
1810,1000000,16000000
1811,2000000,15000000
1812,4000000,38000000
1813,5000000,45000000
1814,1000000,35000000
1815,2000000,7000000
1816,2000000,38000000
1817,5000000,11000000
1818,3000000,19000000
1819,3000000,6000000
1820,2000000,15000000
1821,2000000,37000000
1822,3000000,46000000
1823,3000000,35000000
1824,4000000,39000000
1825,2000000,24000000
1826,3000000,44000000
1827,4000000,50000000
1828,3000000,7000000
1829,2000000,21000000
1830,3000000,48000000
1831,4000000,21000000
1832,2000000,14000000
1833,4000000,43000000
1834,5000000,18000000
1835,4000000,27000000
1836,1000000,25000000
1837,1000000,36000000
1838,5000000,38000000
1839,2000000,37000000
1840,5000000,37000000
1841,4000000,33000000
1842,2000000,32000000
1843,4000000,26000000
1844,1000000,23000000
1845,5000000,21000000
1846,3000000,16000000
1847,1000000,10000000
1848,4000000,31000000
1849,5000000,34000000
1850,4000000,25000000
1851,5000000,27000000
1852,2000000,25000000
1853,2000000,21000000
1854,4000000,32000000
1855,4000000,42000000
1856,4000000,12000000
1857,5000000,12000000
1858,3000000,20000000
1859,2000000,27000000
1860,5000000,46000000
1861,1000000,45000000
1862,1000000,32000000
1863,3000000,46000000
1864,3000000,33000000
1865,5000000,38000000
1866,5000000,12000000
1867,5000000,37000000
1868,2000000,9000000
1869,1000000,47000000
1870,3000000,16000000
1871,4000000,29000000
1872,4000000,50000000
1873,2000000,15000000
1874,1000000,20000000
1875,4000000,44000000
1876,3000000,34000000
1877,4000000,37000000
1878,1000000,14000000
1879,5000000,16000000
1880,3000000,42000000
1881,3000000,14000000
1882,2000000,35000000
1883,2000000,15000000
1884,5000000,27000000
1885,4000000,34000000
1886,5000000,33000000
1887,3000000,26000000
1888,2000000,22000000
1889,1000000,41000000
1890,5000000,48000000
1891,5000000,26000000
1892,5000000,43000000
1893,4000000,49000000
1894,3000000,11000000
1895,2000000,12000000
1896,4000000,41000000
1897,3000000,30000000
1898,4000000,46000000
1899,5000000,44000000
1900,3000000,44000000
1901,1000000,33000000
1902,2000000,33000000
1903,1000000,24000000
1904,4000000,11000000
1905,3000000,34000000
1906,3000000,49000000
1907,4000000,50000000
1908,1000000,50000000
1909,1000000,13000000
1910,3000000,10000000
1911,4000000,47000000
1912,4000000,23000000
1913,1000000,24000000
1914,3000000,50000000
1915,2000000,47000000
1916,4000000,39000000
1917,4000000,18000000
1918,3000000,17000000
1919,5000000,27000000
1920,4000000,50000000
1921,3000000,16000000
1922,3000000,13000000
1923,2000000,48000000
1924,3000000,14000000
1925,1000000,33000000
1926,2000000,50000000
1927,4000000,41000000
1928,2000000,26000000
1929,3000000,10000000
1930,4000000,42000000
1931,5000000,47000000
1932,3000000,28000000
1933,1000000,8000000
1934,4000000,26000000
1935,5000000,49000000
1936,4000000,28000000
1937,4000000,14000000
1938,2000000,23000000
1939,5000000,40000000
1940,4000000,31000000
1941,5000000,18000000
1942,5000000,43000000
1943,1000000,36000000
1944,2000000,14000000
1945,1000000,8000000
1946,3000000,50000000
1947,5000000,25000000
1948,4000000,44000000
1949,5000000,41000000
1950,1000000,23000000
1951,3000000,29000000
1952,1000000,48000000
1953,4000000,15000000
1954,5000000,6000000
1955,1000000,50000000
1956,5000000,35000000
1957,4000000,13000000
1958,5000000,35000000
1959,4000000,38000000
1960,2000000,38000000
1961,4000000,46000000
1962,3000000,40000000
1963,1000000,24000000
1964,2000000,44000000
1965,1000000,13000000
1966,5000000,17000000
1967,1000000,25000000
1968,5000000,13000000
1969,5000000,18000000
1970,3000000,30000000
1971,3000000,33000000
1972,2000000,17000000
1973,5000000,23000000
1974,2000000,30000000
1975,3000000,48000000
1976,4000000,27000000
1977,5000000,40000000
1978,3000000,40000000
1979,3000000,37000000
1980,5000000,10000000
1981,3000000,26000000
1982,4000000,35000000
1983,1000000,27000000
1984,4000000,46000000
1985,4000000,19000000
1986,2000000,27000000
1987,3000000,17000000
1988,3000000,31000000
1989,3000000,29000000
1990,4000000,20000000
1991,4000000,14000000
1992,2000000,45000000
1993,2000000,45000000
1994,3000000,24000000
1995,4000000,17000000
1996,4000000,18000000
1997,4000000,20000000
1998,3000000,49000000
1999,1000000,39000000
2000,5000000,6000000
2001,3000000,15000000
2002,4000000,29000000
2003,4000000,8000000
2004,1000000,50000000
2005,4000000,39000000
2006,5000000,29000000
2007,4000000,19000000
2008,4000000,16000000
2009,3000000,40000000
2010,1000000,20000000
2011,2000000,40000000
2012,1000000,46000000
2013,3000000,6000000
2014,5000000,32000000
2015,4000000,37000000
2016,3000000,45000000
2017,3000000,13000000
2018,3000000,35000000
2019,5000000,21000000
2020,3000000,13000000
2021,3000000,23000000
2022,5000000,21000000
2023,2000000,14000000
2024,2000000,27000000
2025,1000000,40000000
2026,2000000,37000000
2027,2000000,31000000
2028,2000000,42000000
2029,2000000,29000000
2030,2000000,27000000
2031,4000000,26000000
2032,4000000,32000000
2033,2000000,27000000
2034,5000000,7000000
2035,3000000,22000000
2036,5000000,36000000
2037,4000000,50000000
2038,5000000,14000000
2039,2000000,17000000
2040,4000000,39000000
2041,4000000,14000000
2042,2000000,42000000
2043,3000000,49000000
2044,2000000,45000000
2045,5000000,6000000
2046,2000000,43000000
2047,1000000,40000000
2048,5000000,21000000
2049,1000000,15000000
2050,5000000,7000000
2051,5000000,33000000
2052,5000000,18000000
2053,1000000,28000000
2054,1000000,33000000
2055,1000000,30000000
2056,1000000,44000000
2057,1000000,49000000
2058,4000000,29000000
2059,5000000,12000000
2060,5000000,28000000
2061,3000000,46000000
2062,3000000,23000000
2063,4000000,17000000
2064,2000000,46000000
2065,5000000,9000000
2066,3000000,19000000
2067,3000000,29000000
2068,4000000,27000000
2069,5000000,27000000
2070,1000000,32000000
2071,4000000,27000000
2072,1000000,18000000
2073,1000000,19000000
2074,1000000,49000000
2075,1000000,27000000
2076,5000000,39000000
2077,1000000,15000000
2078,3000000,21000000
2079,1000000,22000000
2080,5000000,46000000
2081,2000000,22000000
2082,4000000,49000000
2083,5000000,12000000
2084,4000000,47000000
2085,3000000,32000000
2086,3000000,48000000
2087,3000000,42000000
2088,3000000,49000000
2089,5000000,11000000
2090,5000000,44000000
2091,3000000,35000000
2092,4000000,32000000
2093,1000000,18000000
2094,5000000,42000000
2095,5000000,25000000
2096,1000000,20000000
2097,2000000,10000000
2098,3000000,31000000
2099,1000000,25000000
2100,3000000,18000000
2101,1000000,17000000
2102,4000000,35000000
2103,5000000,6000000
2104,5000000,45000000
2105,4000000,24000000
2106,1000000,22000000
2107,1000000,45000000
2108,2000000,46000000
2109,4000000,22000000
2110,3000000,37000000
2111,2000000,12000000
2112,5000000,46000000
2113,1000000,19000000
2114,2000000,37000000
2115,1000000,22000000
2116,5000000,50000000
2117,2000000,43000000
2118,1000000,18000000
2119,4000000,8000000
2120,5000000,26000000
2121,5000000,46000000
2122,1000000,22000000
2123,2000000,50000000
2124,5000000,37000000
2125,1000000,29000000
2126,1000000,28000000
2127,4000000,14000000
2128,4000000,46000000
2129,5000000,40000000
2130,3000000,38000000
2131,3000000,33000000
2132,5000000,22000000
2133,1000000,8000000
2134,4000000,15000000
2135,1000000,18000000
2136,2000000,42000000
2137,5000000,31000000
2138,2000000,28000000
2139,3000000,22000000
2140,5000000,50000000
2141,5000000,9000000
2142,5000000,25000000
2143,3000000,32000000
2144,1000000,8000000
2145,1000000,12000000
2146,3000000,48000000
2147,3000000,45000000
2148,2000000,10000000
2149,3000000,16000000
2150,5000000,31000000
2151,1000000,41000000
2152,4000000,27000000
2153,5000000,23000000
2154,3000000,39000000
2155,3000000,17000000
2156,5000000,28000000
2157,2000000,36000000
2158,5000000,50000000
2159,2000000,45000000
2160,1000000,14000000
2161,1000000,33000000
2162,5000000,23000000
2163,3000000,34000000
2164,2000000,38000000
2165,1000000,45000000
2166,2000000,19000000
2167,2000000,16000000
2168,2000000,26000000
2169,3000000,49000000
2170,4000000,43000000
2171,4000000,50000000
2172,3000000,49000000
2173,4000000,12000000
2174,4000000,45000000
2175,1000000,31000000
2176,2000000,39000000
2177,4000000,42000000
2178,4000000,29000000
2179,2000000,14000000
2180,3000000,28000000
2181,1000000,39000000
2182,3000000,7000000
2183,1000000,45000000
2184,4000000,9000000
2185,1000000,20000000
2186,1000000,47000000
2187,1000000,41000000
2188,1000000,28000000
2189,3000000,47000000
2190,4000000,8000000
2191,2000000,22000000
2192,5000000,35000000
2193,1000000,6000000
2194,2000000,32000000
2195,4000000,33000000
2196,5000000,29000000
2197,2000000,39000000
2198,4000000,42000000
2199,2000000,49000000
2200,5000000,33000000
2201,5000000,12000000
2202,5000000,20000000
2203,2000000,16000000
2204,3000000,27000000
2205,4000000,33000000
2206,2000000,13000000
2207,3000000,47000000
2208,5000000,24000000
2209,4000000,10000000
2210,4000000,50000000
2211,5000000,46000000
2212,1000000,45000000
2213,4000000,43000000
2214,3000000,8000000
2215,4000000,6000000
2216,4000000,48000000
2217,5000000,42000000
2218,1000000,18000000
2219,1000000,21000000
2220,4000000,36000000
2221,1000000,40000000
2222,2000000,29000000
2223,5000000,17000000
2224,5000000,6000000
2225,4000000,31000000
2226,5000000,48000000
2227,1000000,17000000
2228,5000000,44000000
2229,1000000,21000000
2230,2000000,44000000
2231,4000000,20000000
2232,1000000,19000000
2233,4000000,12000000
2234,3000000,31000000
2235,3000000,46000000
2236,2000000,26000000
2237,5000000,31000000
2238,2000000,29000000
2239,4000000,18000000
2240,2000000,14000000
2241,4000000,25000000
2242,5000000,14000000
2243,5000000,16000000
2244,4000000,6000000
2245,2000000,19000000
2246,5000000,20000000
2247,3000000,46000000
2248,3000000,20000000
2249,1000000,23000000
2250,2000000,46000000
2251,1000000,14000000
2252,2000000,19000000
2253,3000000,24000000
2254,2000000,12000000
2255,4000000,35000000
2256,4000000,40000000
2257,4000000,35000000
2258,1000000,12000000
2259,4000000,24000000
2260,2000000,8000000
2261,2000000,25000000
2262,1000000,18000000
2263,3000000,27000000
2264,3000000,12000000
2265,3000000,10000000
2266,5000000,27000000
2267,1000000,40000000
2268,4000000,39000000
2269,3000000,22000000
2270,1000000,30000000
2271,3000000,47000000
2272,2000000,14000000
2273,4000000,16000000
2274,5000000,36000000
2275,4000000,22000000
2276,5000000,23000000
2277,2000000,31000000
2278,3000000,8000000
2279,5000000,33000000
2280,1000000,45000000
2281,1000000,11000000
2282,4000000,11000000
2283,4000000,33000000
2284,4000000,11000000
2285,5000000,11000000
2286,1000000,34000000
2287,1000000,20000000
2288,3000000,37000000
2289,5000000,37000000
2290,2000000,11000000
2291,5000000,12000000
2292,3000000,10000000
2293,1000000,6000000
2294,2000000,41000000
2295,1000000,41000000
2296,1000000,28000000
2297,2000000,15000000
2298,4000000,23000000
2299,3000000,10000000
2300,1000000,31000000
2301,2000000,47000000
2302,2000000,29000000
2303,3000000,47000000
2304,1000000,50000000
2305,2000000,33000000
2306,4000000,8000000
2307,5000000,15000000
2308,2000000,38000000
2309,3000000,38000000
2310,4000000,26000000
2311,5000000,41000000
2312,3000000,12000000
2313,1000000,33000000
2314,1000000,20000000
2315,3000000,6000000
2316,3000000,16000000
2317,4000000,39000000
2318,4000000,12000000
2319,4000000,33000000
2320,3000000,31000000
2321,3000000,27000000
2322,2000000,34000000
2323,2000000,17000000
2324,1000000,6000000
2325,3000000,47000000
2326,5000000,9000000
2327,1000000,8000000
2328,2000000,8000000
2329,5000000,25000000
2330,5000000,38000000
2331,2000000,44000000
2332,5000000,50000000
2333,1000000,6000000
2334,1000000,49000000
2335,4000000,37000000
2336,5000000,23000000
2337,2000000,30000000
2338,2000000,17000000
2339,4000000,44000000
2340,4000000,25000000
2341,2000000,19000000
2342,5000000,40000000
2343,5000000,48000000
2344,2000000,29000000
2345,3000000,20000000
2346,4000000,35000000
2347,3000000,9000000
2348,1000000,45000000
2349,1000000,18000000
2350,5000000,42000000
2351,2000000,31000000
2352,3000000,24000000
2353,1000000,21000000
2354,1000000,14000000
2355,3000000,14000000
2356,3000000,25000000
2357,1000000,10000000
2358,4000000,15000000
2359,4000000,19000000
2360,2000000,6000000
2361,3000000,32000000
2362,2000000,22000000
2363,4000000,30000000
2364,2000000,28000000
2365,2000000,41000000
2366,3000000,6000000
2367,4000000,31000000
2368,5000000,24000000
2369,1000000,16000000
2370,3000000,37000000
2371,1000000,23000000
2372,3000000,8000000
2373,2000000,8000000
2374,5000000,36000000
2375,5000000,31000000
2376,3000000,10000000
2377,5000000,18000000
2378,2000000,50000000
2379,1000000,47000000
2380,3000000,46000000
2381,5000000,19000000
2382,5000000,26000000
2383,3000000,18000000
2384,3000000,36000000
2385,5000000,6000000
2386,4000000,39000000
2387,5000000,14000000
2388,2000000,12000000
2389,2000000,34000000
2390,5000000,50000000
2391,4000000,41000000
2392,4000000,35000000
2393,2000000,34000000
2394,1000000,46000000
2395,5000000,30000000
2396,3000000,19000000
2397,1000000,25000000
2398,5000000,43000000
2399,2000000,35000000
2400,2000000,17000000
2401,1000000,28000000
2402,1000000,46000000
2403,3000000,23000000
2404,3000000,17000000
2405,2000000,42000000
2406,5000000,27000000
2407,3000000,12000000
2408,2000000,46000000
2409,5000000,50000000
2410,4000000,44000000
2411,5000000,23000000
2412,3000000,37000000
2413,1000000,32000000
2414,4000000,8000000
2415,5000000,26000000
2416,3000000,14000000
2417,5000000,41000000
2418,5000000,47000000
2419,5000000,15000000
2420,5000000,30000000
2421,3000000,29000000
2422,1000000,50000000
2423,4000000,33000000
2424,5000000,46000000
2425,2000000,18000000
2426,1000000,50000000
2427,2000000,15000000
2428,5000000,6000000
2429,1000000,37000000
2430,1000000,40000000
2431,2000000,10000000
2432,4000000,25000000
2433,5000000,8000000
2434,2000000,38000000
2435,1000000,23000000
2436,3000000,25000000
2437,5000000,39000000
2438,4000000,48000000
2439,1000000,6000000
2440,3000000,38000000
2441,5000000,45000000
2442,5000000,43000000
2443,2000000,43000000
2444,3000000,47000000
2445,2000000,46000000
2446,5000000,22000000
2447,5000000,42000000
2448,4000000,34000000
2449,3000000,46000000
2450,3000000,34000000
2451,4000000,14000000
2452,5000000,12000000
2453,3000000,44000000
2454,4000000,43000000
2455,1000000,49000000
2456,5000000,24000000
2457,5000000,18000000
2458,4000000,34000000
2459,4000000,41000000
2460,2000000,18000000
2461,1000000,38000000
2462,3000000,25000000
2463,2000000,42000000
2464,3000000,28000000
2465,2000000,32000000
2466,2000000,20000000
2467,4000000,20000000
2468,2000000,31000000
2469,3000000,17000000
2470,2000000,21000000
2471,4000000,17000000
2472,2000000,29000000
2473,2000000,41000000
2474,4000000,19000000
2475,4000000,49000000
2476,2000000,40000000
2477,4000000,7000000
2478,4000000,47000000
2479,5000000,32000000
2480,1000000,33000000
2481,2000000,38000000
2482,2000000,40000000
2483,2000000,49000000
2484,3000000,21000000
2485,3000000,49000000
2486,5000000,42000000
2487,1000000,43000000
2488,2000000,30000000
2489,3000000,24000000
2490,2000000,50000000
2491,4000000,48000000
2492,1000000,45000000
2493,1000000,13000000
2494,3000000,29000000
2495,5000000,43000000
2496,3000000,8000000
2497,5000000,42000000
2498,3000000,9000000
2499,4000000,11000000
2500,1000000,49000000
2501,2000000,17000000
2502,1000000,28000000
2503,1000000,12000000
2504,2000000,50000000
2505,3000000,9000000
2506,4000000,50000000
2507,4000000,32000000
2508,4000000,15000000
2509,5000000,31000000
2510,4000000,12000000
2511,4000000,32000000
2512,2000000,48000000
2513,1000000,48000000
2514,4000000,20000000
2515,4000000,40000000
2516,4000000,42000000
2517,2000000,49000000
2518,2000000,26000000
2519,3000000,14000000
2520,5000000,29000000
2521,2000000,47000000
2522,5000000,34000000
2523,3000000,39000000
2524,3000000,22000000
2525,3000000,46000000
2526,2000000,40000000
2527,5000000,40000000
2528,4000000,29000000
2529,2000000,16000000
2530,3000000,42000000
2531,2000000,8000000
2532,5000000,15000000
2533,5000000,23000000
2534,2000000,28000000
2535,4000000,37000000
2536,1000000,17000000
2537,3000000,42000000
2538,4000000,35000000
2539,4000000,25000000
2540,2000000,27000000
2541,4000000,26000000
2542,1000000,14000000
2543,4000000,29000000
2544,3000000,33000000
2545,5000000,15000000
2546,3000000,27000000
2547,3000000,44000000
2548,5000000,50000000
2549,1000000,35000000
2550,4000000,12000000
2551,2000000,39000000
2552,2000000,9000000
2553,1000000,46000000
2554,2000000,33000000
2555,5000000,24000000
2556,4000000,6000000
2557,3000000,35000000
2558,1000000,38000000
2559,3000000,47000000
2560,3000000,33000000
2561,5000000,27000000
2562,4000000,23000000
2563,3000000,33000000
2564,4000000,19000000
2565,5000000,44000000
2566,4000000,12000000
2567,4000000,10000000
2568,4000000,16000000
2569,3000000,9000000
2570,1000000,17000000
2571,2000000,7000000
2572,4000000,30000000
2573,4000000,12000000
2574,1000000,25000000
2575,3000000,24000000
2576,1000000,24000000
2577,5000000,30000000
2578,3000000,42000000
2579,4000000,7000000
2580,4000000,18000000
2581,3000000,39000000
2582,2000000,18000000
2583,4000000,39000000
2584,3000000,30000000
2585,2000000,39000000
2586,2000000,32000000
2587,2000000,11000000
2588,4000000,28000000
2589,2000000,43000000
2590,4000000,50000000
2591,5000000,45000000
2592,1000000,19000000
2593,4000000,38000000
2594,2000000,24000000
2595,3000000,19000000
2596,5000000,45000000
2597,2000000,45000000
2598,4000000,23000000
2599,5000000,50000000
2600,4000000,27000000
2601,3000000,8000000
2602,1000000,15000000
2603,2000000,44000000
2604,3000000,20000000
2605,1000000,17000000
2606,2000000,12000000
2607,3000000,36000000
2608,4000000,23000000
2609,3000000,8000000
2610,3000000,16000000
2611,2000000,14000000
2612,2000000,35000000
2613,1000000,13000000
2614,1000000,48000000
2615,1000000,33000000
2616,5000000,45000000
2617,2000000,30000000
2618,3000000,12000000
2619,3000000,25000000
2620,5000000,6000000
2621,4000000,50000000
2622,5000000,13000000
2623,1000000,37000000
2624,5000000,26000000
2625,2000000,43000000
2626,2000000,49000000
2627,3000000,32000000
2628,1000000,35000000
2629,2000000,15000000
2630,3000000,10000000
2631,5000000,6000000
2632,3000000,48000000
2633,4000000,46000000
2634,2000000,37000000
2635,3000000,29000000
2636,3000000,23000000
2637,3000000,9000000
2638,3000000,31000000
2639,1000000,9000000
2640,4000000,12000000
2641,3000000,40000000
2642,3000000,16000000
2643,5000000,8000000
2644,1000000,21000000
2645,4000000,49000000
2646,1000000,11000000
2647,4000000,21000000
2648,5000000,43000000
2649,3000000,33000000
2650,5000000,44000000
2651,4000000,15000000
2652,5000000,35000000
2653,5000000,37000000
2654,4000000,22000000
2655,2000000,39000000
2656,4000000,37000000
2657,4000000,27000000
2658,1000000,15000000
2659,3000000,10000000
2660,1000000,43000000
2661,5000000,46000000
2662,4000000,23000000
2663,4000000,24000000
2664,1000000,30000000
2665,3000000,32000000
2666,2000000,22000000
2667,4000000,24000000
2668,3000000,48000000
2669,2000000,39000000
2670,5000000,10000000
2671,5000000,44000000
2672,3000000,30000000
2673,1000000,13000000
2674,4000000,37000000
2675,1000000,39000000
2676,1000000,46000000
2677,4000000,37000000
2678,4000000,25000000
2679,1000000,19000000
2680,5000000,25000000
2681,3000000,33000000
2682,4000000,47000000
2683,2000000,16000000
2684,2000000,9000000
2685,1000000,41000000
2686,1000000,38000000
2687,1000000,16000000
2688,1000000,45000000
2689,4000000,33000000
2690,3000000,30000000
2691,3000000,44000000
2692,2000000,46000000
2693,3000000,13000000
2694,5000000,8000000
2695,3000000,48000000
2696,3000000,12000000
2697,3000000,13000000
2698,1000000,31000000
2699,1000000,7000000
2700,5000000,17000000
2701,5000000,25000000
2702,3000000,22000000
2703,4000000,40000000
2704,2000000,30000000
2705,3000000,34000000
2706,2000000,33000000
2707,3000000,31000000
2708,4000000,22000000
2709,1000000,13000000
2710,2000000,37000000
2711,4000000,31000000
2712,5000000,26000000
2713,1000000,17000000
2714,1000000,21000000
2715,2000000,34000000
2716,2000000,42000000
2717,4000000,20000000
2718,4000000,33000000
2719,3000000,28000000
2720,4000000,15000000
2721,2000000,39000000
2722,3000000,40000000
2723,3000000,22000000
2724,4000000,30000000
2725,3000000,47000000
2726,1000000,44000000
2727,2000000,23000000
2728,3000000,28000000
2729,3000000,42000000
2730,1000000,46000000
2731,3000000,34000000
2732,2000000,8000000
2733,1000000,42000000
2734,2000000,25000000
2735,1000000,43000000
2736,4000000,38000000
2737,2000000,13000000
2738,3000000,41000000
2739,3000000,9000000
2740,2000000,32000000
2741,2000000,17000000
2742,4000000,6000000
2743,1000000,19000000
2744,5000000,47000000
2745,5000000,6000000
2746,1000000,32000000
2747,4000000,33000000
2748,3000000,14000000
2749,5000000,14000000
2750,3000000,42000000
2751,4000000,10000000
2752,5000000,18000000
2753,5000000,49000000
2754,3000000,37000000
2755,1000000,36000000
2756,4000000,33000000
2757,4000000,10000000
2758,4000000,20000000
2759,1000000,28000000
2760,5000000,48000000
2761,3000000,13000000
2762,2000000,21000000
2763,5000000,21000000
2764,3000000,47000000
2765,4000000,35000000
2766,3000000,21000000
2767,3000000,14000000
2768,2000000,27000000
2769,3000000,25000000
2770,4000000,15000000
2771,4000000,37000000
2772,2000000,27000000
2773,1000000,44000000
2774,5000000,49000000
2775,3000000,15000000
2776,4000000,43000000
2777,1000000,42000000
2778,4000000,43000000
2779,4000000,33000000
2780,2000000,41000000
2781,2000000,8000000
2782,2000000,9000000
2783,4000000,27000000
2784,3000000,37000000
2785,3000000,17000000
2786,5000000,31000000
2787,3000000,30000000
2788,5000000,16000000
2789,5000000,20000000
2790,3000000,42000000
2791,1000000,41000000
2792,2000000,42000000
2793,5000000,39000000
2794,4000000,28000000
2795,2000000,29000000
2796,4000000,13000000
2797,1000000,7000000
2798,5000000,17000000
2799,1000000,21000000
2800,5000000,34000000
2801,3000000,12000000
2802,5000000,50000000
2803,4000000,18000000
2804,5000000,26000000
2805,2000000,14000000
2806,4000000,47000000
2807,5000000,13000000
2808,4000000,27000000
2809,2000000,22000000
2810,1000000,43000000
2811,2000000,45000000
2812,3000000,16000000
2813,5000000,41000000
2814,1000000,24000000
2815,5000000,27000000
2816,4000000,6000000
2817,5000000,18000000
2818,2000000,40000000
2819,4000000,42000000
2820,1000000,47000000
2821,5000000,15000000
2822,3000000,6000000
2823,5000000,34000000
2824,4000000,45000000
2825,2000000,21000000
2826,4000000,34000000
2827,3000000,37000000
2828,5000000,48000000
2829,4000000,11000000
2830,3000000,37000000
2831,5000000,11000000
2832,4000000,38000000
2833,4000000,33000000
2834,5000000,18000000
2835,5000000,46000000
2836,5000000,40000000
2837,2000000,36000000
2838,2000000,28000000
2839,5000000,8000000
2840,3000000,32000000
2841,1000000,43000000
2842,4000000,32000000
2843,5000000,28000000
2844,3000000,29000000
2845,3000000,26000000
2846,2000000,29000000
2847,2000000,40000000
2848,3000000,12000000
2849,5000000,48000000
2850,5000000,14000000
2851,1000000,15000000
2852,5000000,10000000
2853,5000000,15000000
2854,2000000,39000000
2855,4000000,45000000
2856,5000000,7000000
2857,2000000,17000000
2858,2000000,28000000
2859,2000000,38000000
2860,1000000,26000000
2861,1000000,35000000
2862,1000000,16000000
2863,3000000,48000000
2864,3000000,8000000
2865,2000000,10000000
2866,1000000,37000000
2867,3000000,36000000
2868,1000000,17000000
2869,2000000,33000000
2870,3000000,21000000
2871,1000000,27000000
2872,1000000,10000000
2873,3000000,7000000
2874,4000000,32000000
2875,3000000,44000000
2876,3000000,39000000
2877,1000000,48000000
2878,5000000,32000000
2879,4000000,15000000
2880,5000000,41000000
2881,3000000,28000000
2882,3000000,14000000
2883,1000000,16000000
2884,2000000,9000000
2885,5000000,24000000
2886,5000000,33000000
2887,4000000,38000000
2888,1000000,30000000
2889,5000000,25000000
2890,1000000,25000000
2891,2000000,27000000
2892,2000000,9000000
2893,2000000,36000000
2894,2000000,41000000
2895,1000000,14000000
2896,3000000,40000000
2897,3000000,22000000
2898,3000000,39000000
2899,3000000,46000000
2900,1000000,11000000
2901,3000000,34000000
2902,1000000,43000000
2903,2000000,11000000
2904,1000000,23000000
2905,4000000,40000000
2906,4000000,11000000
2907,4000000,44000000
2908,3000000,18000000
2909,2000000,46000000
2910,2000000,29000000
2911,5000000,39000000
2912,2000000,9000000
2913,3000000,14000000
2914,3000000,6000000
2915,2000000,23000000
2916,4000000,41000000
2917,3000000,25000000
2918,1000000,19000000
2919,5000000,38000000
2920,1000000,34000000
2921,5000000,20000000
2922,2000000,38000000
2923,5000000,34000000
2924,5000000,27000000
2925,2000000,12000000
2926,5000000,25000000
2927,5000000,16000000
2928,1000000,40000000
2929,4000000,9000000
2930,4000000,21000000
2931,1000000,8000000
2932,5000000,8000000
2933,2000000,28000000
2934,3000000,19000000
2935,1000000,8000000
2936,1000000,38000000
2937,5000000,38000000
2938,3000000,43000000
2939,2000000,49000000
2940,1000000,49000000
2941,2000000,39000000
2942,2000000,45000000
2943,4000000,43000000
2944,4000000,7000000
2945,3000000,30000000
2946,5000000,16000000
2947,3000000,39000000
2948,3000000,6000000
2949,2000000,19000000
2950,3000000,6000000
2951,2000000,49000000
2952,4000000,30000000
2953,5000000,47000000
2954,2000000,27000000
2955,1000000,44000000
2956,3000000,42000000
2957,1000000,7000000
2958,3000000,18000000
2959,3000000,21000000
2960,2000000,11000000
2961,4000000,38000000
2962,2000000,32000000
2963,2000000,30000000
2964,5000000,8000000
2965,4000000,27000000
2966,3000000,42000000
2967,1000000,25000000
2968,5000000,47000000
2969,5000000,15000000
2970,5000000,43000000
2971,5000000,41000000
2972,4000000,42000000
2973,1000000,50000000
2974,4000000,34000000
2975,3000000,38000000
2976,4000000,6000000
2977,4000000,12000000
2978,3000000,41000000
2979,4000000,18000000
2980,5000000,30000000
2981,1000000,7000000
2982,3000000,42000000
2983,3000000,16000000
2984,4000000,15000000
2985,5000000,34000000
2986,5000000,18000000
2987,3000000,36000000
2988,4000000,42000000
2989,5000000,45000000
2990,2000000,44000000
2991,4000000,6000000
2992,3000000,22000000
2993,1000000,13000000
2994,4000000,20000000
2995,2000000,44000000
2996,1000000,8000000
2997,3000000,37000000
2998,5000000,26000000
2999,2000000,37000000
3000,2000000,25000000
3001,3000000,11000000
3002,3000000,40000000
3003,1000000,29000000
3004,1000000,11000000
3005,3000000,7000000
3006,2000000,13000000
3007,3000000,36000000
3008,4000000,23000000
3009,1000000,39000000
3010,1000000,41000000
3011,4000000,28000000
3012,3000000,6000000
3013,1000000,15000000
3014,4000000,15000000
3015,5000000,50000000
3016,5000000,15000000
3017,5000000,46000000
3018,4000000,20000000
3019,4000000,21000000
3020,1000000,7000000
3021,3000000,6000000
3022,3000000,43000000
3023,2000000,27000000
3024,2000000,44000000
3025,2000000,19000000
3026,4000000,48000000
3027,4000000,21000000
3028,1000000,46000000
3029,4000000,33000000
3030,4000000,18000000
3031,5000000,10000000
3032,2000000,18000000
3033,1000000,22000000
3034,3000000,43000000
3035,4000000,35000000
3036,3000000,9000000
3037,2000000,10000000
3038,1000000,38000000
3039,5000000,33000000
3040,4000000,43000000
3041,2000000,21000000
3042,4000000,21000000
3043,3000000,38000000
3044,3000000,14000000
3045,3000000,11000000
3046,2000000,12000000
3047,5000000,8000000
3048,1000000,26000000
3049,5000000,28000000
3050,4000000,30000000
3051,5000000,45000000
3052,2000000,11000000
3053,3000000,50000000
3054,4000000,47000000
3055,3000000,15000000
3056,1000000,48000000
3057,4000000,7000000
3058,4000000,9000000
3059,1000000,48000000
3060,3000000,37000000
3061,5000000,24000000
3062,1000000,45000000
3063,3000000,48000000
3064,1000000,47000000
3065,1000000,39000000
3066,1000000,26000000
3067,3000000,31000000
3068,3000000,15000000
3069,2000000,27000000
3070,2000000,41000000
3071,4000000,8000000
3072,5000000,43000000
3073,2000000,41000000
3074,1000000,15000000
3075,2000000,49000000
3076,2000000,24000000
3077,3000000,10000000
3078,1000000,16000000
3079,3000000,19000000
3080,2000000,26000000
3081,2000000,16000000
3082,4000000,50000000
3083,5000000,47000000
3084,3000000,24000000
3085,4000000,34000000
3086,5000000,11000000
3087,3000000,46000000
3088,4000000,44000000
3089,3000000,11000000
3090,3000000,37000000
3091,2000000,14000000
3092,2000000,38000000
3093,5000000,9000000
3094,5000000,13000000
3095,2000000,10000000
3096,1000000,50000000
3097,1000000,37000000
3098,3000000,31000000
3099,2000000,12000000
3100,1000000,44000000
3101,2000000,32000000
3102,1000000,28000000
3103,1000000,40000000
3104,5000000,36000000
3105,5000000,41000000
3106,5000000,18000000
3107,1000000,8000000
3108,5000000,11000000
3109,3000000,45000000
3110,1000000,37000000
3111,1000000,24000000
3112,3000000,33000000
3113,1000000,10000000
3114,4000000,17000000
3115,1000000,17000000
3116,3000000,46000000
3117,2000000,43000000
3118,5000000,50000000
3119,3000000,11000000
3120,5000000,44000000
3121,4000000,35000000
3122,2000000,30000000
3123,4000000,7000000
3124,1000000,37000000
3125,2000000,22000000
3126,3000000,11000000
3127,2000000,46000000
3128,2000000,37000000
3129,3000000,11000000
3130,5000000,19000000
3131,4000000,44000000
3132,4000000,50000000
3133,1000000,23000000
3134,3000000,9000000
3135,4000000,37000000
3136,2000000,16000000
3137,1000000,40000000
3138,1000000,18000000
3139,3000000,44000000
3140,1000000,43000000
3141,2000000,25000000
3142,3000000,35000000
3143,3000000,30000000
3144,4000000,18000000
3145,3000000,7000000
3146,4000000,14000000
3147,3000000,50000000
3148,1000000,11000000
3149,1000000,9000000
3150,2000000,13000000
3151,4000000,47000000
3152,2000000,46000000
3153,3000000,12000000
3154,1000000,40000000
3155,4000000,17000000
3156,2000000,42000000
3157,3000000,46000000
3158,5000000,8000000
3159,4000000,31000000
3160,1000000,15000000
3161,3000000,30000000
3162,3000000,16000000
3163,5000000,27000000
3164,2000000,38000000
3165,2000000,32000000
3166,2000000,7000000
3167,2000000,35000000
3168,2000000,35000000
3169,3000000,9000000
3170,1000000,33000000
3171,3000000,23000000
3172,2000000,28000000
3173,5000000,45000000
3174,2000000,38000000
3175,3000000,30000000
3176,3000000,13000000
3177,4000000,20000000
3178,3000000,30000000
3179,3000000,6000000
3180,1000000,44000000
3181,4000000,19000000
3182,2000000,30000000
3183,1000000,42000000
3184,5000000,49000000
3185,3000000,48000000
3186,2000000,42000000
3187,2000000,23000000
3188,5000000,20000000
3189,2000000,14000000
3190,2000000,47000000
3191,1000000,36000000
3192,2000000,18000000
3193,5000000,14000000
3194,2000000,45000000
3195,5000000,48000000
3196,4000000,29000000
3197,4000000,37000000
3198,5000000,29000000
3199,3000000,13000000
3200,4000000,48000000
3201,4000000,20000000
3202,1000000,23000000
3203,3000000,45000000
3204,3000000,9000000
3205,1000000,39000000
3206,3000000,13000000
3207,5000000,26000000
3208,4000000,50000000
3209,1000000,13000000
3210,5000000,13000000
3211,4000000,8000000
3212,4000000,31000000
3213,2000000,21000000
3214,4000000,33000000
3215,2000000,27000000
3216,3000000,14000000
3217,1000000,25000000
3218,2000000,14000000
3219,3000000,14000000
3220,1000000,22000000
3221,4000000,20000000
3222,2000000,46000000
3223,4000000,20000000
3224,3000000,16000000
3225,4000000,39000000
3226,1000000,44000000
3227,3000000,32000000
3228,5000000,30000000
3229,3000000,35000000
3230,4000000,46000000
3231,2000000,18000000
3232,1000000,49000000
3233,3000000,16000000
3234,5000000,18000000
3235,3000000,47000000
3236,4000000,40000000
3237,4000000,19000000
3238,3000000,34000000
3239,3000000,15000000
3240,4000000,40000000
3241,2000000,27000000
3242,1000000,35000000
3243,5000000,33000000
3244,3000000,11000000
3245,3000000,28000000
3246,1000000,29000000
3247,1000000,36000000
3248,5000000,24000000
3249,3000000,28000000
3250,5000000,38000000
3251,1000000,39000000
3252,2000000,8000000
3253,4000000,42000000
3254,5000000,9000000
3255,3000000,7000000
3256,1000000,47000000
3257,1000000,28000000
3258,1000000,45000000
3259,2000000,13000000
3260,2000000,22000000
3261,1000000,14000000
3262,1000000,28000000
3263,4000000,19000000
3264,3000000,41000000
3265,4000000,6000000
3266,5000000,16000000
3267,3000000,24000000
3268,5000000,39000000
3269,5000000,16000000
3270,1000000,24000000
3271,3000000,50000000
3272,2000000,19000000
3273,5000000,25000000
3274,4000000,10000000
3275,2000000,21000000
3276,2000000,26000000
3277,4000000,18000000
3278,1000000,30000000
3279,5000000,6000000
3280,4000000,39000000
3281,1000000,11000000
3282,3000000,20000000
3283,4000000,23000000
3284,3000000,30000000
3285,2000000,36000000
3286,2000000,29000000
3287,1000000,37000000
3288,4000000,15000000
3289,1000000,18000000
3290,5000000,23000000
3291,1000000,13000000
3292,5000000,27000000
3293,2000000,48000000
3294,5000000,9000000
3295,4000000,22000000
3296,4000000,36000000
3297,1000000,45000000
3298,3000000,48000000
3299,1000000,18000000
3300,5000000,19000000
3301,4000000,17000000
3302,5000000,10000000
3303,3000000,36000000
3304,5000000,31000000
3305,4000000,15000000
3306,5000000,50000000
3307,2000000,11000000
3308,4000000,29000000
3309,4000000,47000000
3310,5000000,31000000
3311,4000000,46000000
3312,3000000,20000000
3313,2000000,6000000
3314,2000000,13000000
3315,1000000,24000000
3316,4000000,7000000
3317,3000000,12000000
3318,3000000,19000000
3319,3000000,15000000
3320,3000000,25000000
3321,3000000,43000000
3322,3000000,32000000
3323,3000000,33000000
3324,2000000,25000000
3325,1000000,15000000
3326,4000000,44000000
3327,5000000,39000000
3328,2000000,45000000
3329,4000000,30000000
3330,4000000,39000000
3331,1000000,21000000
3332,5000000,47000000
3333,5000000,44000000
3334,4000000,16000000
3335,5000000,19000000
3336,2000000,49000000
3337,4000000,8000000
3338,4000000,26000000
3339,4000000,47000000
3340,4000000,40000000
3341,5000000,32000000
3342,1000000,39000000
3343,1000000,11000000
3344,3000000,32000000
3345,1000000,14000000
3346,5000000,46000000
3347,3000000,42000000
3348,5000000,21000000
3349,1000000,9000000
3350,3000000,18000000
3351,2000000,14000000
3352,2000000,27000000
3353,3000000,23000000
3354,5000000,31000000
3355,1000000,13000000
3356,1000000,12000000
3357,3000000,20000000
3358,4000000,11000000
3359,4000000,13000000
3360,1000000,27000000
3361,2000000,34000000
3362,5000000,34000000
3363,4000000,10000000
3364,5000000,13000000
3365,5000000,10000000
3366,4000000,49000000
3367,4000000,41000000
3368,5000000,37000000
3369,5000000,47000000
3370,1000000,15000000
3371,5000000,35000000
3372,5000000,10000000
3373,3000000,16000000
3374,3000000,11000000
3375,5000000,7000000
3376,3000000,10000000
3377,3000000,18000000
3378,5000000,35000000
3379,1000000,22000000
3380,1000000,24000000
3381,2000000,27000000
3382,3000000,35000000
3383,4000000,16000000
3384,5000000,39000000
3385,2000000,39000000
3386,3000000,16000000
3387,4000000,27000000
3388,2000000,14000000
3389,2000000,27000000
3390,3000000,11000000
3391,1000000,29000000
3392,5000000,8000000
3393,5000000,50000000
3394,3000000,6000000
3395,3000000,17000000
3396,3000000,43000000
3397,3000000,37000000
3398,5000000,7000000
3399,5000000,48000000
3400,3000000,22000000
3401,1000000,47000000
3402,2000000,24000000
3403,2000000,33000000
3404,3000000,12000000
3405,1000000,39000000
3406,1000000,20000000
3407,3000000,45000000
3408,4000000,35000000
3409,2000000,42000000
3410,5000000,12000000
3411,1000000,17000000
3412,4000000,17000000
3413,4000000,13000000
3414,4000000,23000000
3415,4000000,30000000
3416,3000000,15000000
3417,4000000,12000000
3418,1000000,8000000
3419,4000000,39000000
3420,1000000,12000000
3421,2000000,31000000
3422,5000000,45000000
3423,3000000,7000000
3424,1000000,12000000
3425,2000000,38000000
3426,3000000,34000000
3427,5000000,18000000
3428,2000000,50000000
3429,5000000,22000000
3430,4000000,38000000
3431,4000000,47000000
3432,3000000,45000000
3433,4000000,18000000
3434,2000000,16000000
3435,1000000,31000000
3436,5000000,49000000
3437,1000000,30000000
3438,1000000,36000000
3439,1000000,22000000
3440,4000000,47000000
3441,3000000,19000000
3442,4000000,8000000
3443,1000000,38000000
3444,4000000,16000000
3445,1000000,30000000
3446,4000000,18000000
3447,3000000,25000000
3448,5000000,24000000
3449,3000000,15000000
3450,1000000,16000000
3451,4000000,49000000
3452,3000000,12000000
3453,1000000,37000000
3454,4000000,20000000
3455,4000000,7000000
3456,2000000,16000000
3457,5000000,40000000
3458,4000000,24000000
3459,3000000,7000000
3460,4000000,19000000
3461,3000000,25000000
3462,4000000,15000000
3463,5000000,43000000
3464,3000000,21000000
3465,3000000,10000000
3466,5000000,26000000
3467,2000000,23000000
3468,4000000,7000000
3469,1000000,8000000
3470,1000000,38000000
3471,1000000,39000000
3472,4000000,17000000
3473,5000000,38000000
3474,1000000,9000000
3475,5000000,44000000
3476,5000000,11000000
3477,4000000,24000000
3478,1000000,18000000
3479,3000000,37000000
3480,3000000,40000000
3481,1000000,30000000
3482,1000000,29000000
3483,4000000,28000000
3484,2000000,33000000
3485,1000000,20000000
3486,5000000,22000000
3487,3000000,27000000
3488,3000000,36000000
3489,4000000,29000000
3490,2000000,21000000
3491,1000000,30000000
3492,1000000,21000000
3493,2000000,37000000
3494,4000000,39000000
3495,1000000,38000000
3496,3000000,47000000
3497,4000000,17000000
3498,5000000,39000000
3499,3000000,26000000
3500,3000000,9000000
3501,2000000,50000000
3502,2000000,26000000
3503,2000000,30000000
3504,4000000,46000000
3505,4000000,26000000
3506,5000000,6000000
3507,5000000,25000000
3508,2000000,8000000
3509,1000000,18000000
3510,5000000,36000000
3511,2000000,20000000
3512,4000000,6000000
3513,2000000,40000000
3514,4000000,19000000
3515,4000000,45000000
3516,3000000,34000000
3517,1000000,47000000
3518,1000000,9000000
3519,4000000,24000000
3520,4000000,7000000
3521,3000000,16000000
3522,3000000,43000000
3523,1000000,41000000
3524,4000000,23000000
3525,3000000,28000000
3526,2000000,12000000
3527,4000000,25000000
3528,3000000,25000000
3529,2000000,9000000
3530,5000000,40000000
3531,1000000,28000000
3532,3000000,48000000
3533,5000000,50000000
3534,1000000,6000000
3535,1000000,14000000
3536,4000000,50000000
3537,1000000,40000000
3538,1000000,44000000
3539,3000000,20000000
3540,2000000,13000000
3541,1000000,41000000
3542,2000000,38000000
3543,2000000,12000000
3544,1000000,44000000
3545,3000000,30000000
3546,4000000,9000000
3547,4000000,49000000
3548,3000000,35000000
3549,4000000,16000000
3550,3000000,18000000
3551,2000000,29000000
3552,2000000,9000000
3553,4000000,34000000
3554,3000000,12000000
3555,3000000,20000000
3556,4000000,12000000
3557,5000000,27000000
3558,4000000,12000000
3559,4000000,25000000
3560,5000000,43000000
3561,4000000,9000000
3562,3000000,22000000
3563,1000000,49000000
3564,4000000,39000000
3565,3000000,41000000
3566,1000000,17000000
3567,2000000,42000000
3568,3000000,28000000
3569,2000000,34000000
3570,1000000,25000000
3571,5000000,32000000
3572,5000000,28000000
3573,1000000,16000000
3574,1000000,38000000
3575,3000000,12000000
3576,3000000,41000000
3577,4000000,22000000
3578,3000000,25000000
3579,1000000,20000000
3580,4000000,25000000
3581,1000000,24000000
3582,4000000,19000000
3583,4000000,39000000
3584,2000000,45000000
3585,1000000,12000000
3586,5000000,26000000
3587,3000000,40000000
3588,3000000,13000000
3589,5000000,25000000
3590,1000000,50000000
3591,1000000,33000000
3592,4000000,50000000
3593,5000000,34000000
3594,2000000,10000000
3595,1000000,40000000
3596,5000000,8000000
3597,4000000,43000000
3598,2000000,38000000
3599,2000000,25000000
3600,1000000,44000000
3601,1000000,23000000
3602,2000000,15000000
3603,4000000,18000000
3604,1000000,41000000
3605,5000000,18000000
3606,3000000,24000000
3607,5000000,45000000
3608,5000000,26000000
3609,4000000,16000000
3610,1000000,42000000
3611,2000000,42000000
3612,4000000,23000000
3613,3000000,13000000
3614,2000000,26000000
3615,2000000,33000000
3616,4000000,42000000
3617,3000000,39000000
3618,4000000,19000000
3619,3000000,26000000
3620,2000000,21000000
3621,4000000,17000000
3622,4000000,18000000
3623,1000000,9000000
3624,2000000,40000000
3625,1000000,12000000
3626,2000000,19000000
3627,2000000,9000000
3628,4000000,32000000
3629,2000000,15000000
3630,1000000,37000000
3631,5000000,28000000
3632,4000000,31000000
3633,4000000,7000000
3634,3000000,7000000
3635,3000000,17000000
3636,1000000,42000000
3637,1000000,13000000
3638,3000000,26000000
3639,3000000,47000000
3640,5000000,20000000
3641,3000000,9000000
3642,3000000,40000000
3643,3000000,33000000
3644,1000000,21000000
3645,3000000,17000000
3646,3000000,48000000
3647,3000000,30000000
3648,4000000,36000000
3649,3000000,28000000
3650,1000000,47000000
3651,4000000,46000000
3652,4000000,48000000
3653,2000000,12000000
3654,4000000,49000000
3655,2000000,34000000
3656,5000000,32000000
3657,5000000,28000000
3658,4000000,26000000
3659,5000000,49000000
3660,1000000,10000000
3661,3000000,23000000
3662,3000000,16000000
3663,4000000,42000000
3664,2000000,30000000
3665,3000000,10000000
3666,4000000,47000000
3667,2000000,25000000
3668,5000000,41000000
3669,2000000,13000000
3670,1000000,35000000
3671,1000000,20000000
3672,2000000,11000000
3673,1000000,10000000
3674,5000000,12000000
3675,4000000,23000000
3676,4000000,42000000
3677,2000000,36000000
3678,3000000,24000000
3679,3000000,42000000
3680,5000000,46000000
3681,5000000,8000000
3682,3000000,47000000
3683,4000000,21000000
3684,2000000,35000000
3685,4000000,17000000
3686,1000000,23000000
3687,5000000,16000000
3688,4000000,22000000
3689,1000000,13000000
3690,4000000,31000000
3691,2000000,10000000
3692,4000000,22000000
3693,4000000,31000000
3694,4000000,41000000
3695,3000000,17000000
3696,1000000,15000000
3697,2000000,41000000
3698,3000000,48000000
3699,2000000,18000000
3700,4000000,40000000
3701,5000000,19000000
3702,5000000,27000000
3703,4000000,26000000
3704,2000000,17000000
3705,1000000,43000000
3706,4000000,31000000
3707,1000000,30000000
3708,4000000,32000000
3709,2000000,29000000
3710,5000000,23000000
3711,1000000,7000000
3712,1000000,34000000
3713,4000000,50000000
3714,5000000,43000000
3715,2000000,27000000
3716,2000000,36000000
3717,2000000,18000000
3718,1000000,35000000
3719,3000000,15000000
3720,1000000,20000000
3721,3000000,26000000
3722,4000000,42000000
3723,4000000,6000000
3724,3000000,9000000
3725,1000000,35000000
3726,2000000,10000000
3727,2000000,38000000
3728,3000000,17000000
3729,1000000,26000000
3730,4000000,29000000
3731,3000000,12000000
3732,1000000,6000000
3733,2000000,8000000
3734,2000000,45000000
3735,1000000,49000000
3736,2000000,38000000
3737,1000000,17000000
3738,3000000,20000000
3739,2000000,30000000
3740,3000000,33000000
3741,1000000,45000000
3742,1000000,32000000
3743,2000000,38000000
3744,1000000,18000000
3745,2000000,42000000
3746,2000000,25000000
3747,3000000,25000000
3748,3000000,48000000
3749,3000000,6000000
3750,5000000,21000000
3751,4000000,14000000
3752,4000000,27000000
3753,2000000,33000000
3754,5000000,13000000
3755,4000000,10000000
3756,1000000,23000000
3757,2000000,44000000
3758,4000000,40000000
3759,4000000,39000000
3760,1000000,21000000
3761,5000000,12000000
3762,5000000,42000000
3763,1000000,13000000
3764,1000000,12000000
3765,4000000,18000000
3766,1000000,50000000
3767,4000000,11000000
3768,3000000,32000000
3769,3000000,41000000
3770,5000000,44000000
3771,1000000,26000000
3772,5000000,50000000
3773,3000000,44000000
3774,1000000,25000000
3775,1000000,26000000
3776,3000000,45000000
3777,4000000,10000000
3778,3000000,42000000
3779,5000000,33000000
3780,3000000,9000000
3781,1000000,21000000
3782,4000000,20000000
3783,2000000,42000000
3784,4000000,42000000
3785,1000000,21000000
3786,5000000,19000000
3787,2000000,7000000
3788,4000000,34000000
3789,4000000,43000000
3790,3000000,11000000
3791,2000000,45000000
3792,3000000,8000000
3793,5000000,6000000
3794,5000000,18000000
3795,4000000,25000000
3796,3000000,48000000
3797,4000000,22000000
3798,1000000,20000000
3799,4000000,27000000
3800,1000000,42000000
3801,3000000,25000000
3802,5000000,43000000
3803,5000000,10000000
3804,4000000,21000000
3805,3000000,50000000
3806,3000000,7000000
3807,4000000,50000000
3808,3000000,33000000
3809,1000000,11000000
3810,3000000,44000000
3811,4000000,9000000
3812,5000000,16000000
3813,2000000,41000000
3814,1000000,21000000
3815,1000000,19000000
3816,3000000,48000000
3817,3000000,21000000
3818,5000000,7000000
3819,3000000,15000000
3820,3000000,15000000
3821,4000000,32000000
3822,3000000,36000000
3823,5000000,47000000
3824,2000000,27000000
3825,3000000,30000000
3826,3000000,46000000
3827,4000000,46000000
3828,2000000,33000000
3829,4000000,31000000
3830,1000000,15000000
3831,4000000,30000000
3832,1000000,40000000
3833,1000000,43000000
3834,3000000,23000000
3835,4000000,24000000
3836,5000000,29000000
3837,1000000,29000000
3838,3000000,32000000
3839,2000000,27000000
3840,1000000,19000000
3841,2000000,14000000
3842,4000000,21000000
3843,3000000,43000000
3844,1000000,33000000
3845,5000000,42000000
3846,3000000,15000000
3847,3000000,35000000
3848,1000000,27000000
3849,3000000,7000000
3850,3000000,45000000
3851,1000000,17000000
3852,1000000,12000000
3853,1000000,30000000
3854,4000000,37000000
3855,4000000,40000000
3856,5000000,22000000
3857,3000000,43000000
3858,5000000,42000000
3859,4000000,24000000
3860,4000000,20000000
3861,1000000,50000000
3862,4000000,6000000
3863,1000000,15000000
3864,2000000,50000000
3865,4000000,26000000
3866,5000000,29000000
3867,1000000,48000000
3868,4000000,18000000
3869,2000000,14000000
3870,3000000,10000000
3871,1000000,21000000
3872,3000000,48000000
3873,3000000,23000000
3874,3000000,41000000
3875,5000000,21000000
3876,5000000,50000000
3877,1000000,41000000
3878,1000000,23000000
3879,5000000,10000000
3880,3000000,19000000
3881,3000000,49000000
3882,4000000,13000000
3883,4000000,19000000
3884,1000000,42000000
3885,4000000,44000000
3886,2000000,40000000
3887,5000000,43000000
3888,2000000,10000000
3889,5000000,35000000
3890,2000000,29000000
3891,2000000,39000000
3892,4000000,18000000
3893,1000000,44000000
3894,1000000,30000000
3895,4000000,44000000
3896,5000000,44000000
3897,2000000,17000000
3898,5000000,37000000
3899,1000000,16000000
3900,4000000,48000000
3901,5000000,31000000
3902,3000000,18000000
3903,2000000,28000000
3904,4000000,20000000
3905,2000000,48000000
3906,4000000,9000000
3907,5000000,19000000
3908,2000000,22000000
3909,2000000,12000000
3910,3000000,6000000
3911,1000000,19000000
3912,4000000,44000000
3913,1000000,45000000
3914,1000000,7000000
3915,3000000,36000000
3916,2000000,43000000
3917,3000000,39000000
3918,4000000,37000000
3919,5000000,16000000
3920,3000000,8000000
3921,1000000,8000000
3922,1000000,50000000
3923,1000000,34000000
3924,1000000,36000000
3925,3000000,42000000
3926,4000000,7000000
3927,4000000,28000000
3928,3000000,32000000
3929,4000000,31000000
3930,2000000,10000000
3931,3000000,47000000
3932,2000000,34000000
3933,3000000,50000000
3934,1000000,21000000
3935,1000000,29000000
3936,2000000,24000000
3937,5000000,7000000
3938,3000000,6000000
3939,3000000,31000000
3940,2000000,31000000
3941,1000000,48000000
3942,4000000,43000000
3943,1000000,16000000
3944,5000000,26000000
3945,2000000,48000000
3946,3000000,18000000
3947,4000000,40000000
3948,5000000,34000000
3949,4000000,49000000
3950,1000000,43000000
3951,5000000,33000000
3952,1000000,23000000
3953,4000000,48000000
3954,1000000,11000000
3955,4000000,18000000
3956,4000000,40000000
3957,1000000,28000000
3958,5000000,30000000
3959,4000000,26000000
3960,2000000,33000000
3961,5000000,38000000
3962,5000000,38000000
3963,3000000,9000000
3964,2000000,13000000
3965,5000000,15000000
3966,5000000,16000000
3967,3000000,20000000
3968,5000000,36000000
3969,5000000,27000000
3970,3000000,11000000
3971,1000000,16000000
3972,1000000,42000000
3973,4000000,16000000
3974,3000000,30000000
3975,4000000,47000000
3976,2000000,24000000
3977,4000000,29000000
3978,2000000,32000000
3979,2000000,30000000
3980,2000000,30000000
3981,3000000,44000000
3982,1000000,35000000
3983,5000000,25000000
3984,3000000,16000000
3985,5000000,24000000
3986,3000000,36000000
3987,4000000,22000000
3988,4000000,36000000
3989,4000000,19000000
3990,1000000,13000000
3991,1000000,48000000
3992,5000000,47000000
3993,3000000,6000000
3994,4000000,41000000
3995,5000000,47000000
3996,3000000,11000000
3997,5000000,8000000
3998,1000000,26000000
3999,3000000,22000000
4000,3000000,40000000
4001,5000000,29000000
4002,5000000,17000000
4003,4000000,23000000
4004,5000000,48000000
4005,4000000,43000000
4006,4000000,25000000
4007,5000000,50000000
4008,1000000,10000000
4009,4000000,12000000
4010,4000000,29000000
4011,1000000,26000000
4012,5000000,39000000
4013,3000000,15000000
4014,4000000,25000000
4015,5000000,31000000
4016,4000000,38000000
4017,2000000,7000000
4018,1000000,47000000
4019,4000000,30000000
4020,4000000,13000000
4021,2000000,13000000
4022,3000000,40000000
4023,5000000,44000000
4024,2000000,35000000
4025,1000000,32000000
4026,1000000,19000000
4027,2000000,47000000
4028,1000000,31000000
4029,4000000,39000000
4030,1000000,35000000
4031,3000000,39000000
4032,3000000,45000000
4033,2000000,43000000
4034,4000000,34000000
4035,3000000,30000000
4036,5000000,37000000
4037,3000000,50000000
4038,4000000,29000000
4039,1000000,45000000
4040,1000000,44000000
4041,4000000,46000000
4042,2000000,18000000
4043,4000000,22000000
4044,3000000,19000000
4045,2000000,21000000
4046,4000000,16000000
4047,4000000,22000000
4048,4000000,43000000
4049,4000000,40000000
4050,3000000,50000000
4051,4000000,50000000
4052,5000000,39000000
4053,2000000,50000000
4054,1000000,42000000
4055,4000000,8000000
4056,2000000,9000000
4057,2000000,24000000
4058,3000000,18000000
4059,3000000,9000000
4060,1000000,50000000
4061,2000000,31000000
4062,4000000,16000000
4063,1000000,34000000
4064,3000000,22000000
4065,4000000,32000000
4066,4000000,46000000
4067,3000000,18000000
4068,1000000,43000000
4069,5000000,36000000
4070,4000000,11000000
4071,4000000,17000000
4072,2000000,16000000
4073,5000000,28000000
4074,2000000,17000000
4075,4000000,35000000
4076,2000000,41000000
4077,2000000,37000000
4078,2000000,20000000
4079,2000000,28000000
4080,2000000,45000000
4081,3000000,20000000
4082,3000000,39000000
4083,2000000,16000000
4084,1000000,31000000
4085,2000000,17000000
4086,3000000,25000000
4087,3000000,14000000
4088,1000000,45000000
4089,3000000,49000000
4090,3000000,39000000
4091,4000000,28000000
4092,2000000,44000000
4093,1000000,45000000
4094,2000000,29000000
4095,3000000,19000000
4096,2000000,41000000
4097,5000000,10000000
4098,3000000,46000000
4099,3000000,20000000
4100,1000000,11000000
4101,2000000,18000000
4102,2000000,29000000
4103,5000000,41000000
4104,2000000,46000000
4105,4000000,32000000
4106,1000000,25000000
4107,2000000,23000000
4108,2000000,15000000
4109,4000000,46000000
4110,2000000,44000000
4111,1000000,14000000
4112,5000000,25000000
4113,3000000,41000000
4114,4000000,41000000
4115,2000000,40000000
4116,1000000,7000000
4117,4000000,7000000
4118,1000000,42000000
4119,4000000,42000000
4120,3000000,11000000
4121,3000000,11000000
4122,3000000,40000000
4123,4000000,32000000
4124,2000000,41000000
4125,5000000,50000000
4126,2000000,40000000
4127,4000000,16000000
4128,3000000,45000000
4129,3000000,23000000
4130,4000000,39000000
4131,4000000,35000000
4132,5000000,30000000
4133,1000000,13000000
4134,3000000,45000000
4135,2000000,30000000
4136,3000000,26000000
4137,3000000,16000000
4138,2000000,34000000
4139,2000000,16000000
4140,3000000,37000000
4141,3000000,41000000
4142,3000000,41000000
4143,5000000,18000000
4144,5000000,10000000
4145,3000000,10000000
4146,5000000,34000000
4147,2000000,11000000
4148,4000000,12000000
4149,2000000,6000000
4150,2000000,45000000
4151,4000000,16000000
4152,1000000,26000000
4153,5000000,46000000
4154,4000000,11000000
4155,4000000,29000000
4156,3000000,11000000
4157,1000000,17000000
4158,5000000,20000000
4159,1000000,28000000
4160,2000000,39000000
4161,5000000,10000000
4162,3000000,13000000
4163,4000000,17000000
4164,3000000,17000000
4165,5000000,9000000
4166,5000000,29000000
4167,4000000,40000000
4168,4000000,38000000
4169,2000000,45000000
4170,2000000,46000000
4171,3000000,50000000
4172,3000000,46000000
4173,5000000,42000000
4174,1000000,45000000
4175,5000000,40000000
4176,5000000,20000000
4177,4000000,30000000
4178,2000000,49000000
4179,2000000,43000000
4180,3000000,15000000
4181,4000000,44000000
4182,5000000,14000000
4183,1000000,19000000
4184,1000000,25000000
4185,1000000,39000000
4186,2000000,29000000
4187,5000000,13000000
4188,2000000,14000000
4189,2000000,18000000
4190,4000000,15000000
4191,3000000,26000000
4192,3000000,35000000
4193,5000000,14000000
4194,5000000,49000000
4195,3000000,40000000
4196,5000000,20000000
4197,2000000,7000000
4198,1000000,44000000
4199,5000000,42000000
4200,5000000,36000000
4201,3000000,36000000
4202,1000000,34000000
4203,3000000,7000000
4204,3000000,33000000
4205,5000000,38000000
4206,5000000,30000000
4207,2000000,40000000
4208,3000000,11000000
4209,2000000,21000000
4210,2000000,47000000
4211,4000000,35000000
4212,2000000,34000000
4213,2000000,45000000
4214,1000000,46000000
4215,3000000,22000000
4216,1000000,7000000
4217,4000000,34000000
4218,5000000,13000000
4219,3000000,12000000
4220,3000000,34000000
4221,2000000,7000000
4222,2000000,34000000
4223,3000000,8000000
4224,2000000,11000000
4225,1000000,44000000
4226,3000000,29000000
4227,4000000,25000000
4228,3000000,39000000
4229,4000000,26000000
4230,2000000,27000000
4231,1000000,20000000
4232,3000000,37000000
4233,5000000,40000000
4234,4000000,43000000
4235,1000000,37000000
4236,2000000,40000000
4237,5000000,14000000
4238,3000000,26000000
4239,2000000,14000000
4240,4000000,50000000
4241,4000000,22000000
4242,3000000,22000000
4243,1000000,49000000
4244,4000000,21000000
4245,3000000,31000000
4246,5000000,31000000
4247,4000000,32000000
4248,5000000,35000000
4249,5000000,29000000
4250,1000000,47000000
4251,3000000,23000000
4252,2000000,21000000
4253,1000000,14000000
4254,1000000,13000000
4255,2000000,22000000
4256,4000000,27000000
4257,1000000,43000000
